page,locale,url,title,description,og:title,og:description,og:image,og:type,og:url,twitter:card,twitter:title,twitter:description,twitter:image
/,en,https://climatehub.org/,ClimateHub Network,,Global Platform for Climate Change Solutions | ClimateHub Network,,https://climatehub.org/images/landing_image_small.jpg,website,,,,,
/,de,https://climatehub.org/de/,ClimateHub Netzwerk,,Globale Plattform für Klimaschutz | ClimateHub Netzwerk,,https://climatehub.org/images/landing_image_small.jpg,website,,,,,
/about,en,https://climatehub.org/about,About | ClimateHub Network,"Whether it's community energy, climate-friendly canteen design or self-organized cargo bike rental, local climate initiatives are driving a lot of change in their city. With our ClimateHubs, we promote this and make it very easy to implement your own climate ideas, become active yourself and bring effective local projects to other cities.",About us,"Whether it's community energy, climate-friendly canteen design or self-organized cargo bike rental, local climate initiatives are driving a lot of change in their city. With our ClimateHubs, we promote this and make it very easy to implement your own climate ideas, become active yourself and bring effective local projects to other cities.",https://climatehub.org/images/landing_image_small.jpg,website,,summary_large_image,About us,"Whether it's community energy, climate-friendly canteen design or self-organized cargo bike rental, local climate initiatives are driving a lot of change in their city. With our ClimateHubs, we promote this and make it very easy to implement your own climate ideas, become active yourself and bring effective local projects to other cities.",
/about,de,https://climatehub.org/de/about,Über uns | ClimateHub Netzwerk,"Ob Bürgerenergie, klimafreundliche Gestaltung der Mensa oder selbstorganisierter Lastenradverleih: Lokale Klimainitiativen stoßen in ihrer Stadt viel Veränderung an. Mit unseren ClimateHubs fördern wir das und machen es ganz einfach, eigene Klimaideen umzusetzen, selbst aktiv zu werden und wirkungsvolle lokale Projekte auch in andere Städte zu bringen.",Über uns | ClimateHub Netzwerk,"Ob Bürgerenergie, klimafreundliche Gestaltung der Mensa oder selbstorganisierter Lastenradverleih: Lokale Klimainitiativen stoßen in ihrer Stadt viel Veränderung an. Mit unseren ClimateHubs fördern wir das und machen es ganz einfach, eigene Klimaideen umzusetzen, selbst aktiv zu werden und wirkungsvolle lokale Projekte auch in andere Städte zu bringen.",https://climatehub.org/images/landing_image_small.jpg,website,,summary_large_image,Über uns | ClimateHub Netzwerk,"Ob Bürgerenergie, klimafreundliche Gestaltung der Mensa oder selbstorganisierter Lastenradverleih: Lokale Klimainitiativen stoßen in ihrer Stadt viel Veränderung an. Mit unseren ClimateHubs fördern wir das und machen es ganz einfach, eigene Klimaideen umzusetzen, selbst aktiv zu werden und wirkungsvolle lokale Projekte auch in andere Städte zu bringen.",
/browse,en,https://climatehub.org/browse,ClimateHub Network,,Global Platform for Climate Change Solutions | ClimateHub Network,,https://climatehub.org/images/landing_image_small.jpg,website,,,,,
/browse,de,https://climatehub.org/de/browse,ClimateHub Netzwerk,,Globale Plattform für Klimaschutz | ClimateHub Netzwerk,,https://climatehub.org/images/landing_image_small.jpg,website,,,,,
/blog,en,https://climatehub.org/blog,Blog | ClimateHub Network,,Blog en,,https://climatehub.org/images/landing_image_small.jpg,website,,,Blog en,,
/blog,de,https://climatehub.org/de/blog,Blog | ClimateHub Netzwerk,,Blog de,,https://climatehub.org/images/landing_image_small.jpg,website,,,Blog de,,
/climatehubs,en,https://climatehub.org/climatehubs,ClimateHub Network,"Gemeinsam für den Klimaschutz: Findet jetzt heraus, wie ihr einen ClimateHub in eure Stadt bekommt.",ClimateHub in deiner Stadt | ClimateHub Netzwerk,"Gemeinsam für den Klimaschutz: Findet jetzt heraus, wie ihr einen ClimateHub in eure Stadt bekommt.",https://climatehub.org/images/landing_image_small.jpg,website,,summary_large_image,ClimateHub in deiner Stadt | ClimateHub Netzwerk,"Gemeinsam für den Klimaschutz: Findet jetzt heraus, wie ihr einen ClimateHub in eure Stadt bekommt.",
/climatehubs,de,https://climatehub.org/de/climatehubs,ClimateHub Netzwerk,"Gemeinsam für den Klimaschutz: Findet jetzt heraus, wie ihr einen ClimateHub in eure Stadt bekommt.",ClimateHub in deiner Stadt | ClimateHub Netzwerk,"Gemeinsam für den Klimaschutz: Findet jetzt heraus, wie ihr einen ClimateHub in eure Stadt bekommt.",https://climatehub.org/images/landing_image_small.jpg,website,,summary_large_image,ClimateHub in deiner Stadt | ClimateHub Netzwerk,"Gemeinsam für den Klimaschutz: Findet jetzt heraus, wie ihr einen ClimateHub in eure Stadt bekommt.",
/donate,en,https://climatehub.org/donate,Donate | ClimateHub Network,We believe that the possibility to connect and get active in the climate movement should be free and include everyone. Do you feel the same? Support us with a donation to connect even more climate actors and make new climate projects possible worldwide!,Donate to the ClimateHub Network today,We believe that the possibility to connect and get active in the climate movement should be free and include everyone. Do you feel the same? Support us with a donation to connect even more climate actors and make new climate projects possible worldwide!,https://climatehub.org/images/landing_image_small.jpg,website,,summary_large_image,Donate to the ClimateHub Network today,We believe that the possibility to connect and get active in the climate movement should be free and include everyone. Do you feel the same? Support us with a donation to connect even more climate actors and make new climate projects possible worldwide!,
/donate,de,https://climatehub.org/de/donate,Spenden | ClimateHub Netzwerk,"Wir sind der Meinung, dass die Möglichkeit, sich mit der Klimabewegung zu vernetzen und aktiv zu werden, kostenlos und für jeden zugänglich sein sollte. Sehen Sie das auch so? Unterstützen Sie uns mit einer Spende, um noch mehr Klimaakteure zu vernetzen und neue Klimaprojekte weltweit zu ermöglichen!",Spende für Klimaschutz,"Wir sind der Meinung, dass die Möglichkeit, sich mit der Klimabewegung zu vernetzen und aktiv zu werden, kostenlos und für jeden zugänglich sein sollte. Sehen Sie das auch so? Unterstützen Sie uns mit einer Spende, um noch mehr Klimaakteure zu vernetzen und neue Klimaprojekte weltweit zu ermöglichen!",https://climatehub.org/images/landing_image_small.jpg,website,,summary_large_image,Spende für Klimaschutz,"Wir sind der Meinung, dass die Möglichkeit, sich mit der Klimabewegung zu vernetzen und aktiv zu werden, kostenlos und für jeden zugänglich sein sollte. Sehen Sie das auch so? Unterstützen Sie uns mit einer Spende, um noch mehr Klimaakteure zu vernetzen und neue Klimaprojekte weltweit zu ermöglichen!",
/donorforest,en,https://climatehub.org/donorforest,ClimateHub Network,,Global Platform for Climate Change Solutions | ClimateHub Network,,https://climatehub.org/images/landing_image_small.jpg,website,,,,,
/donorforest,de,https://climatehub.org/de/donorforest,ClimateHub Netzwerk,,Globale Plattform für Klimaschutz | ClimateHub Netzwerk,,https://climatehub.org/images/landing_image_small.jpg,website,,,,,
/events,en,https://climatehub.org/events,ClimateHub Network,,Global Platform for Climate Change Solutions | ClimateHub Network,,https://climatehub.org/images/landing_image_small.jpg,website,,,,,
/events,de,https://climatehub.org/de/events,ClimateHub Netzwerk,,Globale Plattform für Klimaschutz | ClimateHub Netzwerk,,https://climatehub.org/images/landing_image_small.jpg,website,,,,,
/faq,en,https://climatehub.org/faq,FAQ | ClimateHub Network,,FAQ,,https://climatehub.org/images/landing_image_small.jpg,website,,,,,
/faq,de,https://climatehub.org/de/faq,FAQ | ClimateHub Netzwerk,,FAQ,,https://climatehub.org/images/landing_image_small.jpg,website,,,,,
/hubs,en,https://climatehub.org/hubs,Climate Action Hubs | ClimateHub Network,,Climate Action Hubs,,https://climatehub.org/images/landing_image_small.jpg,website,,,,,
/hubs,de,https://climatehub.org/de/hubs,Klimaschutz Hubs | ClimateHub Netzwerk,,Klimaschutz Hubs,,https://climatehub.org/images/landing_image_small.jpg,website,,,,,
/imprint,en,https://climatehub.org/imprint,Imprint | ClimateHub Network,,EN| Imprint,,https://climatehub.org/images/landing_image_small.jpg,website,,,EN| Imprint,,
/imprint,de,https://climatehub.org/de/imprint,Impressum | ClimateHub Netzwerk,,Impressum,,https://climatehub.org/images/landing_image_small.jpg,website,,,Impressum,,
/jobs,en,https://climatehub.org/jobs,Jobs | ClimateHub Network,,Global Platform for Climate Change Solutions | ClimateHub Network,,https://climatehub.org/images/landing_image_small.jpg,website,,,,,
/jobs,de,https://climatehub.org/de/jobs,Jobs | ClimateHub Netzwerk,,Globale Plattform für Klimaschutz | ClimateHub Netzwerk,,https://climatehub.org/images/landing_image_small.jpg,website,,,,,
/login,en,https://climatehub.org/login,ClimateHub Network,,Global Platform for Climate Change Solutions | ClimateHub Network,,https://climatehub.org/images/landing_image_small.jpg,website,,,,,
/login,de,https://climatehub.org/de/login,ClimateHub Netzwerk,,Globale Plattform für Klimaschutz | ClimateHub Netzwerk,,https://climatehub.org/images/landing_image_small.jpg,website,,,,,
/members,en,https://climatehub.org/members,ClimateHub Network,,Global Platform for Climate Change Solutions | ClimateHub Network,,https://climatehub.org/images/landing_image_small.jpg,website,,,,,
/members,de,https://climatehub.org/de/members,ClimateHub Netzwerk,,Globale Plattform für Klimaschutz | ClimateHub Netzwerk,,https://climatehub.org/images/landing_image_small.jpg,website,,,,,
/organizations,en,https://climatehub.org/organizations,ClimateHub Network,,Global Platform for Climate Change Solutions | ClimateHub Network,,https://climatehub.org/images/landing_image_small.jpg,website,,,,,
/organizations,de,https://climatehub.org/de/organizations,ClimateHub Netzwerk,,Globale Plattform für Klimaschutz | ClimateHub Netzwerk,,https://climatehub.org/images/landing_image_small.jpg,website,,,,,
/press,en,https://climatehub.org/press,Press | ClimateHub Network,Our press site provides you with the latest press releases and upcoming press articles from and about the ClimateHub Network.,Press | ClimateHub Network,Our press site provides you with the latest press releases and upcoming press articles from and about the ClimateHub Network.,https://climatehub.org/images/landing_image_small.jpg,website,,summary_large_image,Press | ClimateHub Network,Our press site provides you with the latest press releases and upcoming press articles from and about the ClimateHub Network.,
/press,de,https://climatehub.org/de/press,Presse | ClimateHub Netzwerk,"Die neusten Berichte, Pressemitteilungen und Bildmaterial von und über das ClimateHub Netzwerk.",Presse | ClimateHub Netzwerk,"Die neusten Berichte, Pressemitteilungen und Bildmaterial von und über das ClimateHub Netzwerk.",https://climatehub.org/images/landing_image_small.jpg,website,,summary_large_image,Presse | ClimateHub Netzwerk,"Die neusten Berichte, Pressemitteilungen und Bildmaterial von und über das ClimateHub Netzwerk.",
/privacy,en,https://climatehub.org/privacy,Privacy | ClimateHub Network,,Data protection,,https://climatehub.org/images/landing_image_small.jpg,website,,,Data protection,,
/privacy,de,https://climatehub.org/de/privacy,Datenschutz | ClimateHub Netzwerk,,Datenschutzerklärung,,https://climatehub.org/images/landing_image_small.jpg,website,,,Datenschutzerklärung,,
/share,en,https://climatehub.org/share,ClimateHub Network,,Global Platform for Climate Change Solutions | ClimateHub Network,,https://climatehub.org/images/landing_image_small.jpg,website,,,,,
/share,de,https://climatehub.org/de/share,ClimateHub Netzwerk,,Globale Plattform für Klimaschutz | ClimateHub Netzwerk,,https://climatehub.org/images/landing_image_small.jpg,website,,,,,
/stream,en,https://climatehub.org/stream,,,,,,,,,,,
/stream,de,https://climatehub.org/de/stream,,,,,,,,,,,
/team,en,https://climatehub.org/team,Team | ClimateHub Network,"We are a team of 3 paid full-time employees and many volunteers and interns. In total, about 100 people have been involved in the ClimateHub Network, with about 20 currently active. Our team works in different areas, from programming website elements and features to communication with different organizations and climate protectors.",The ClimateHub Network Team,"We are a team of 3 paid full-time employees and many volunteers and interns. In total, about 100 people have been involved in the ClimateHub Network, with about 20 currently active. Our team works in different areas, from programming website elements and features to communication with different organizations and climate protectors.",https://climatehub.org/images/landing_image_small.jpg,website,,summary_large_image,The ClimateHub Network Team,"We are a team of 3 paid full-time employees and many volunteers and interns. In total, about 100 people have been involved in the ClimateHub Network, with about 20 currently active. Our team works in different areas, from programming website elements and features to communication with different organizations and climate protectors.",
/team,de,https://climatehub.org/de/team,Team | ClimateHub Netzwerk,"Wir sind ein Team aus 3 bezahlten Vollzeit Kräften sowie sehr vielen ehrenamtlichen Helfer*innen und Praktikant*innen. Insgesamt waren bisher ca. 100 Menschen am Projekt Climate Connect beteiligt, wobei zur Zeit ca. 20 aktiv sind. Unser Team arbeitet in verschiedenen Bereichen, von der Programmierung von Website-Elementen und Features bis hin zur Kommunikation mit verschiedenen Organisationen und Klimaschützenden.",Das Climate Connect Team,"Wir sind ein Team aus 3 bezahlten Vollzeit Kräften sowie sehr vielen ehrenamtlichen Helfer*innen und Praktikant*innen. Insgesamt waren bisher ca. 100 Menschen am Projekt Climate Connect beteiligt, wobei zur Zeit ca. 20 aktiv sind. Unser Team arbeitet in verschiedenen Bereichen, von der Programmierung von Website-Elementen und Features bis hin zur Kommunikation mit verschiedenen Organisationen und Klimaschützenden.",https://climatehub.org/images/landing_image_small.jpg,website,,summary_large_image,Das Climate Connect Team,"Wir sind ein Team aus 3 bezahlten Vollzeit Kräften sowie sehr vielen ehrenamtlichen Helfer*innen und Praktikant*innen. Insgesamt waren bisher ca. 100 Menschen am Projekt Climate Connect beteiligt, wobei zur Zeit ca. 20 aktiv sind. Unser Team arbeitet in verschiedenen Bereichen, von der Programmierung von Website-Elementen und Features bis hin zur Kommunikation mit verschiedenen Organisationen und Klimaschützenden.",
/terms,en,https://climatehub.org/terms,Terms | ClimateHub Network,,Global Platform for Climate Change Solutions | ClimateHub Network,,https://climatehub.org/images/landing_image_small.jpg,website,,,,,
/terms,de,https://climatehub.org/de/terms,AGBs | ClimateHub Netzwerk,,Globale Plattform für Klimaschutz | ClimateHub Netzwerk,,https://climatehub.org/images/landing_image_small.jpg,website,,,,,
/transparency,en,https://climatehub.org/transparency,Transparency | ClimateHub Network,,Transparency | ClimateHub Network,,https://climatehub.org/images/landing_image_small.jpg,website,,,Transparency | ClimateHub Network,,
/transparency,de,https://climatehub.org/de/transparency,Transparenz | ClimateHub Netzwerk,Hier findet ihr 10 Transparenzinformationen zu Climate Connect.,Transparenz,,https://climatehub.org/images/landing_image_small.jpg,website,,,,,
/verein,en,https://climatehub.org/verein,Association | ClimateHub Network,Der Climate Connect Deutschland e.V. unterstützt und fördert unsere Online Plattform climatehub.org welche von der Climate Connect gGmbH betrieben wird. Dies geschieht sowohl finanziell durch (Förder-) Mitgliedschaften als auch durch ehrenamtliche Arbeit. In den Städten mit ClimateHubs möchten wir die Arbeit der lokalen Klimavernetzer*innen mit ehrenamtlichen Ortsgruppen unterstützen.,Climate Connect Deutschland e.V.,Der Climate Connect Deutschland e.V. unterstützt und fördert unsere Online Plattform climatehub.org welche von der Climate Connect gGmbH betrieben wird. Dies geschieht sowohl finanziell durch (Förder-) Mitgliedschaften als auch durch ehrenamtliche Arbeit. In den Städten mit ClimateHubs möchten wir die Arbeit der lokalen Klimavernetzer*innen mit ehrenamtlichen Ortsgruppen unterstützen.,https://climatehub.org/images/landing_image_small.jpg,website,,summary_large_image,Climate Connect Deutschland e.V.,Der Climate Connect Deutschland e.V. unterstützt und fördert unsere Online Plattform climatehub.org welche von der Climate Connect gGmbH betrieben wird. Dies geschieht sowohl finanziell durch (Förder-) Mitgliedschaften als auch durch ehrenamtliche Arbeit. In den Städten mit ClimateHubs möchten wir die Arbeit der lokalen Klimavernetzer*innen mit ehrenamtlichen Ortsgruppen unterstützen.,
/verein,de,https://climatehub.org/de/verein,Verein | ClimateHub Netzwerk,Der Climate Connect Deutschland e.V. unterstützt und fördert unsere Online Plattform climatehub.org welche von der Climate Connect gGmbH betrieben wird. Dies geschieht sowohl finanziell durch (Förder-) Mitgliedschaften als auch durch ehrenamtliche Arbeit. In den Städten mit ClimateHubs möchten wir die Arbeit der lokalen Klimavernetzer*innen mit ehrenamtlichen Ortsgruppen unterstützen.,Climate Connect Deutschland e.V.,Der Climate Connect Deutschland e.V. unterstützt und fördert unsere Online Plattform climatehub.org welche von der Climate Connect gGmbH betrieben wird. Dies geschieht sowohl finanziell durch (Förder-) Mitgliedschaften als auch durch ehrenamtliche Arbeit. In den Städten mit ClimateHubs möchten wir die Arbeit der lokalen Klimavernetzer*innen mit ehrenamtlichen Ortsgruppen unterstützen.,https://climatehub.org/images/landing_image_small.jpg,website,,summary_large_image,Climate Connect Deutschland e.V.,Der Climate Connect Deutschland e.V. unterstützt und fördert unsere Online Plattform climatehub.org welche von der Climate Connect gGmbH betrieben wird. Dies geschieht sowohl finanziell durch (Förder-) Mitgliedschaften als auch durch ehrenamtliche Arbeit. In den Städten mit ClimateHubs möchten wir die Arbeit der lokalen Klimavernetzer*innen mit ehrenamtlichen Ortsgruppen unterstützen.,
/zoom,en,https://climatehub.org/zoom,,,,,,,,,,,
/zoom,de,https://climatehub.org/de/zoom,,,,,,,,,,,
/hubs/erlangen,en,https://climatehub.org/hubs/erlangen,ClimateHub Erlangen | Citizen Climate Action in Erlangen | ClimateHub Network,Find projects and initiatives from Erlangen to get involved and make a difference. The ClimateHub is your starting point to find your group to make an impact.,ClimateHub Erlangen | Citizen Climate Action in Erlangen,,https://climatehub.org/images/landing_image_small.jpg,website,,,,,
/hubs/erlangen,de,https://climatehub.org/de/hubs/erlangen,ClimateHub Erlangen | Dein Startpunkt für Klimaschutz-Engagement in Erlangen | ClimateHub Netzwerk,"Finde Mitstreiter:innen, um in Erlangen gemeinsam für den Klimaschutz anzupacken und etwas für eine nachhaltige Zukunft zu bewirken.",ClimateHub Erlangen | Dein Startpunkt für Klimaschutz-Engagement in Erlangen,,https://climatehub.org/images/landing_image_small.jpg,website,,,,,
/hubs/erlangen/browse,en,https://climatehub.org/hubs/erlangen/browse,Climate action in Erlangen | ClimateHub Network,,Climate action in Erlangen,,https://climateprodstorage.blob.core.windows.net/climate-connect/hubs/7/rsz_flug_20170602_sip_8733.jpg,website,,,,,
/hubs/erlangen/browse,de,https://climatehub.org/de/hubs/erlangen/browse,ClimateHub Erlangen | ClimateHub Netzwerk,,ClimateHub Erlangen,,https://climateprodstorage.blob.core.windows.net/climate-connect/hubs/7/rsz_flug_20170602_sip_8733.jpg,website,,,,,
/hubs/erlangen/members,en,https://climatehub.org/hubs/erlangen/members,Climate action in Erlangen | ClimateHub Network,,Climate action in Erlangen,,https://climateprodstorage.blob.core.windows.net/climate-connect/hubs/7/rsz_flug_20170602_sip_8733.jpg,website,,,,,
/hubs/erlangen/members,de,https://climatehub.org/de/hubs/erlangen/members,ClimateHub Erlangen | ClimateHub Netzwerk,,ClimateHub Erlangen,,https://climateprodstorage.blob.core.windows.net/climate-connect/hubs/7/rsz_flug_20170602_sip_8733.jpg,website,,,,,
/hubs/erlangen/organizations,en,https://climatehub.org/hubs/erlangen/organizations,Climate action in Erlangen | ClimateHub Network,,Climate action in Erlangen,,https://climateprodstorage.blob.core.windows.net/climate-connect/hubs/7/rsz_flug_20170602_sip_8733.jpg,website,,,,,
/hubs/erlangen/organizations,de,https://climatehub.org/de/hubs/erlangen/organizations,ClimateHub Erlangen | ClimateHub Netzwerk,,ClimateHub Erlangen,,https://climateprodstorage.blob.core.windows.net/climate-connect/hubs/7/rsz_flug_20170602_sip_8733.jpg,website,,,,,
/hubs/em,en,https://climatehub.org/hubs/em,ClimateHub Landkreis Emmendingen | Citizen Climate Action in Landkreis Emmendingen | ClimateHub Network,Find projects and initiatives from Erlangen to get involved and make a difference. The ClimateHub is your starting point to find your group to make an impact.,ClimateHub Landkreis Emmendingen | Citizen Climate Action in Landkreis Emmendingen,,https://climatehub.org/images/landing_image_small.jpg,website,,,,,
/hubs/em,de,https://climatehub.org/de/hubs/em,ClimateHub Landkreis Emmendingen | Dein Startpunkt für Klimaschutz-Engagement in Landkreis Emmendingen | ClimateHub Netzwerk,"Finde Mitstreiter:innen, um in Erlangen gemeinsam für den Klimaschutz anzupacken und etwas für eine nachhaltige Zukunft zu bewirken.",ClimateHub Landkreis Emmendingen | Dein Startpunkt für Klimaschutz-Engagement in Landkreis Emmendingen,,https://climatehub.org/images/landing_image_small.jpg,website,,,,,
/hubs/em/browse,en,https://climatehub.org/hubs/em/browse,ClimateHub Landkreis Emmendingen | ClimateHub Network,,ClimateHub Landkreis Emmendingen,,https://climateprodstorage.blob.core.windows.net/climate-connect/hubs/16/lk_em_background.jpg,website,,,,,
/hubs/em/browse,de,https://climatehub.org/de/hubs/em/browse,ClimateHub Landkreis Emmendingen | ClimateHub Netzwerk,,ClimateHub Landkreis Emmendingen,,https://climateprodstorage.blob.core.windows.net/climate-connect/hubs/16/lk_em_background.jpg,website,,,,,
/hubs/em/members,en,https://climatehub.org/hubs/em/members,ClimateHub Landkreis Emmendingen | ClimateHub Network,,ClimateHub Landkreis Emmendingen,,https://climateprodstorage.blob.core.windows.net/climate-connect/hubs/16/lk_em_background.jpg,website,,,,,
/hubs/em/members,de,https://climatehub.org/de/hubs/em/members,ClimateHub Landkreis Emmendingen | ClimateHub Netzwerk,,ClimateHub Landkreis Emmendingen,,https://climateprodstorage.blob.core.windows.net/climate-connect/hubs/16/lk_em_background.jpg,website,,,,,
/hubs/em/organizations,en,https://climatehub.org/hubs/em/organizations,ClimateHub Landkreis Emmendingen | ClimateHub Network,,ClimateHub Landkreis Emmendingen,,https://climateprodstorage.blob.core.windows.net/climate-connect/hubs/16/lk_em_background.jpg,website,,,,,
/hubs/em/organizations,de,https://climatehub.org/de/hubs/em/organizations,ClimateHub Landkreis Emmendingen | ClimateHub Netzwerk,,ClimateHub Landkreis Emmendingen,,https://climateprodstorage.blob.core.windows.net/climate-connect/hubs/16/lk_em_background.jpg,website,,,,,
/hubs/kassel,en,https://climatehub.org/hubs/kassel,ClimateHub Kassel | ClimateHub Network,,ClimateHub Kassel,,https://climateprodstorage.blob.core.windows.net/climate-connect/hubs/25/Kassel-Wilhelmsh%C3%B6he_-_Vertical_Panorama_from_Herkules_point_of_view_2_1.jpg,website,,,,,
/hubs/kassel,de,https://climatehub.org/de/hubs/kassel,ClimateHub Kassel | ClimateHub Netzwerk,,ClimateHub Kassel,,https://climateprodstorage.blob.core.windows.net/climate-connect/hubs/25/Kassel-Wilhelmsh%C3%B6he_-_Vertical_Panorama_from_Herkules_point_of_view_2_1.jpg,website,,,,,
/hubs/kassel/browse,en,https://climatehub.org/hubs/kassel/browse,ClimateHub Kassel | ClimateHub Network,,ClimateHub Kassel,,https://climateprodstorage.blob.core.windows.net/climate-connect/hubs/25/Kassel-Wilhelmsh%C3%B6he_-_Vertical_Panorama_from_Herkules_point_of_view_2_1.jpg,website,,,,,
/hubs/kassel/browse,de,https://climatehub.org/de/hubs/kassel/browse,ClimateHub Kassel | ClimateHub Netzwerk,,ClimateHub Kassel,,https://climateprodstorage.blob.core.windows.net/climate-connect/hubs/25/Kassel-Wilhelmsh%C3%B6he_-_Vertical_Panorama_from_Herkules_point_of_view_2_1.jpg,website,,,,,
/hubs/kassel/members,en,https://climatehub.org/hubs/kassel/members,ClimateHub Kassel | ClimateHub Network,,ClimateHub Kassel,,https://climateprodstorage.blob.core.windows.net/climate-connect/hubs/25/Kassel-Wilhelmsh%C3%B6he_-_Vertical_Panorama_from_Herkules_point_of_view_2_1.jpg,website,,,,,
/hubs/kassel/members,de,https://climatehub.org/de/hubs/kassel/members,ClimateHub Kassel | ClimateHub Netzwerk,,ClimateHub Kassel,,https://climateprodstorage.blob.core.windows.net/climate-connect/hubs/25/Kassel-Wilhelmsh%C3%B6he_-_Vertical_Panorama_from_Herkules_point_of_view_2_1.jpg,website,,,,,
/hubs/kassel/organizations,en,https://climatehub.org/hubs/kassel/organizations,ClimateHub Kassel | ClimateHub Network,,ClimateHub Kassel,,https://climateprodstorage.blob.core.windows.net/climate-connect/hubs/25/Kassel-Wilhelmsh%C3%B6he_-_Vertical_Panorama_from_Herkules_point_of_view_2_1.jpg,website,,,,,
/hubs/kassel/organizations,de,https://climatehub.org/de/hubs/kassel/organizations,ClimateHub Kassel | ClimateHub Netzwerk,,ClimateHub Kassel,,https://climateprodstorage.blob.core.windows.net/climate-connect/hubs/25/Kassel-Wilhelmsh%C3%B6he_-_Vertical_Panorama_from_Herkules_point_of_view_2_1.jpg,website,,,,,
/hubs/potsdam,en,https://climatehub.org/hubs/potsdam,ClimateHub Potsdam | Citizen Climate Action in Potsdam | ClimateHub Network,Find projects and initiatives from Erlangen to get involved and make a difference. The ClimateHub is your starting point to find your group to make an impact.,ClimateHub Potsdam | Citizen Climate Action in Potsdam,,https://climatehub.org/images/landing_image_small.jpg,website,,,,,
/hubs/potsdam,de,https://climatehub.org/de/hubs/potsdam,ClimateHub Potsdam | Dein Startpunkt für Klimaschutz-Engagement in Potsdam | ClimateHub Netzwerk,"Finde Mitstreiter:innen, um in Erlangen gemeinsam für den Klimaschutz anzupacken und etwas für eine nachhaltige Zukunft zu bewirken.",ClimateHub Potsdam | Dein Startpunkt für Klimaschutz-Engagement in Potsdam,,https://climatehub.org/images/landing_image_small.jpg,website,,,,,
/hubs/potsdam/browse,en,https://climatehub.org/hubs/potsdam/browse,Climate action in Potsdam | ClimateHub Network,,Climate action in Potsdam,,https://climateprodstorage.blob.core.windows.net/climate-connect/hubs/None/rsz_1rsz_1potsdam-1859455.jpg,website,,,,,
/hubs/potsdam/browse,de,https://climatehub.org/de/hubs/potsdam/browse,ClimateHub Potsdam | ClimateHub Netzwerk,,ClimateHub Potsdam,,https://climateprodstorage.blob.core.windows.net/climate-connect/hubs/None/rsz_1rsz_1potsdam-1859455.jpg,website,,,,,
/hubs/potsdam/members,en,https://climatehub.org/hubs/potsdam/members,Climate action in Potsdam | ClimateHub Network,,Climate action in Potsdam,,https://climateprodstorage.blob.core.windows.net/climate-connect/hubs/None/rsz_1rsz_1potsdam-1859455.jpg,website,,,,,
/hubs/potsdam/members,de,https://climatehub.org/de/hubs/potsdam/members,ClimateHub Potsdam | ClimateHub Netzwerk,,ClimateHub Potsdam,,https://climateprodstorage.blob.core.windows.net/climate-connect/hubs/None/rsz_1rsz_1potsdam-1859455.jpg,website,,,,,
/hubs/potsdam/organizations,en,https://climatehub.org/hubs/potsdam/organizations,Climate action in Potsdam | ClimateHub Network,,Climate action in Potsdam,,https://climateprodstorage.blob.core.windows.net/climate-connect/hubs/None/rsz_1rsz_1potsdam-1859455.jpg,website,,,,,
/hubs/potsdam/organizations,de,https://climatehub.org/de/hubs/potsdam/organizations,ClimateHub Potsdam | ClimateHub Netzwerk,,ClimateHub Potsdam,,https://climateprodstorage.blob.core.windows.net/climate-connect/hubs/None/rsz_1rsz_1potsdam-1859455.jpg,website,,,,,
/hubs/wuerzburg,en,https://climatehub.org/hubs/wuerzburg,ClimateHub Würzburg | Citizen Climate Action in Würzburg | ClimateHub Network,Find projects and initiatives from Erlangen to get involved and make a difference. The ClimateHub is your starting point to find your group to make an impact.,ClimateHub Würzburg | Citizen Climate Action in Würzburg,,https://climatehub.org/images/landing_image_small.jpg,website,,,,,
/hubs/wuerzburg,de,https://climatehub.org/de/hubs/wuerzburg,ClimateHub Würzburg | Dein Startpunkt für Klimaschutz-Engagement in Würzburg | ClimateHub Netzwerk,"Finde Mitstreiter:innen, um in Erlangen gemeinsam für den Klimaschutz anzupacken und etwas für eine nachhaltige Zukunft zu bewirken.",ClimateHub Würzburg | Dein Startpunkt für Klimaschutz-Engagement in Würzburg,,https://climatehub.org/images/landing_image_small.jpg,website,,,,,
/hubs/wuerzburg/browse,en,https://climatehub.org/hubs/wuerzburg/browse,Climate action in Würzburg | ClimateHub Network,,Climate action in Würzburg,,https://climateprodstorage.blob.core.windows.net/climate-connect/hubs/15/rsz_1wuerzburg_background.gif,website,,,,,
/hubs/wuerzburg/browse,de,https://climatehub.org/de/hubs/wuerzburg/browse,ClimateHub Würzburg | ClimateHub Netzwerk,,ClimateHub Würzburg,,https://climateprodstorage.blob.core.windows.net/climate-connect/hubs/15/rsz_1wuerzburg_background.gif,website,,,,,
/hubs/wuerzburg/members,en,https://climatehub.org/hubs/wuerzburg/members,Climate action in Würzburg | ClimateHub Network,,Climate action in Würzburg,,https://climateprodstorage.blob.core.windows.net/climate-connect/hubs/15/rsz_1wuerzburg_background.gif,website,,,,,
/hubs/wuerzburg/members,de,https://climatehub.org/de/hubs/wuerzburg/members,ClimateHub Würzburg | ClimateHub Netzwerk,,ClimateHub Würzburg,,https://climateprodstorage.blob.core.windows.net/climate-connect/hubs/15/rsz_1wuerzburg_background.gif,website,,,,,
/hubs/wuerzburg/organizations,en,https://climatehub.org/hubs/wuerzburg/organizations,Climate action in Würzburg | ClimateHub Network,,Climate action in Würzburg,,https://climateprodstorage.blob.core.windows.net/climate-connect/hubs/15/rsz_1wuerzburg_background.gif,website,,,,,
/hubs/wuerzburg/organizations,de,https://climatehub.org/de/hubs/wuerzburg/organizations,ClimateHub Würzburg | ClimateHub Netzwerk,,ClimateHub Würzburg,,https://climateprodstorage.blob.core.windows.net/climate-connect/hubs/15/rsz_1wuerzburg_background.gif,website,,,,,
/hubs/prio1,en,https://climatehub.org/hubs/prio1,ClimateHub Network,,Global Platform for Climate Change Solutions | ClimateHub Network,,https://climateprodstorage.blob.core.windows.net/climate-connect/hubs/17/Prio1.png,website,,,,,
/hubs/prio1,de,https://climatehub.org/de/hubs/prio1,ClimateHub Netzwerk,,Globale Plattform für Klimaschutz | ClimateHub Netzwerk,,https://climateprodstorage.blob.core.windows.net/climate-connect/hubs/17/Prio1.png,website,,,,,
/hubs/prio1/browse,en,https://climatehub.org/hubs/prio1/browse,ClimateHub Network,,Global Platform for Climate Change Solutions | ClimateHub Network,,https://climateprodstorage.blob.core.windows.net/climate-connect/hubs/17/Prio1.png,website,,,,,
/hubs/prio1/browse,de,https://climatehub.org/de/hubs/prio1/browse,ClimateHub Netzwerk,,Globale Plattform für Klimaschutz | ClimateHub Netzwerk,,https://climateprodstorage.blob.core.windows.net/climate-connect/hubs/17/Prio1.png,website,,,,,
/hubs/prio1/members,en,https://climatehub.org/hubs/prio1/members,ClimateHub Network,,Global Platform for Climate Change Solutions | ClimateHub Network,,https://climateprodstorage.blob.core.windows.net/climate-connect/hubs/17/Prio1.png,website,,,,,
/hubs/prio1/members,de,https://climatehub.org/de/hubs/prio1/members,ClimateHub Netzwerk,,Globale Plattform für Klimaschutz | ClimateHub Netzwerk,,https://climateprodstorage.blob.core.windows.net/climate-connect/hubs/17/Prio1.png,website,,,,,
/hubs/prio1/organizations,en,https://climatehub.org/hubs/prio1/organizations,ClimateHub Network,,Global Platform for Climate Change Solutions | ClimateHub Network,,https://climateprodstorage.blob.core.windows.net/climate-connect/hubs/17/Prio1.png,website,,,,,
/hubs/prio1/organizations,de,https://climatehub.org/de/hubs/prio1/organizations,ClimateHub Netzwerk,,Globale Plattform für Klimaschutz | ClimateHub Netzwerk,,https://climateprodstorage.blob.core.windows.net/climate-connect/hubs/17/Prio1.png,website,,,,,
/hubs/perth,en,https://climatehub.org/hubs/perth,Welcome to Climate Connect Perth & Kinross | ClimateHub Network,,Welcome to Climate Connect Perth & Kinross,,https://climateprodstorage.blob.core.windows.net/climate-connect/hubs/18/pnkbackground.jpg,website,,,,,
/hubs/perth,de,https://climatehub.org/de/hubs/perth,Welcome to Climate Connect Perth & Kinross | ClimateHub Netzwerk,,Welcome to Climate Connect Perth & Kinross,,https://climateprodstorage.blob.core.windows.net/climate-connect/hubs/18/pnkbackground.jpg,website,,,,,
/hubs/perth/browse,en,https://climatehub.org/hubs/perth/browse,Welcome to Climate Connect Perth & Kinross | ClimateHub Network,,Welcome to Climate Connect Perth & Kinross,,https://climateprodstorage.blob.core.windows.net/climate-connect/hubs/18/pnkbackground.jpg,website,,,,,
/hubs/perth/browse,de,https://climatehub.org/de/hubs/perth/browse,Welcome to Climate Connect Perth & Kinross | ClimateHub Netzwerk,,Welcome to Climate Connect Perth & Kinross,,https://climateprodstorage.blob.core.windows.net/climate-connect/hubs/18/pnkbackground.jpg,website,,,,,
/hubs/perth/members,en,https://climatehub.org/hubs/perth/members,Welcome to Climate Connect Perth & Kinross | ClimateHub Network,,Welcome to Climate Connect Perth & Kinross,,https://climateprodstorage.blob.core.windows.net/climate-connect/hubs/18/pnkbackground.jpg,website,,,,,
/hubs/perth/members,de,https://climatehub.org/de/hubs/perth/members,Welcome to Climate Connect Perth & Kinross | ClimateHub Netzwerk,,Welcome to Climate Connect Perth & Kinross,,https://climateprodstorage.blob.core.windows.net/climate-connect/hubs/18/pnkbackground.jpg,website,,,,,
/hubs/perth/organizations,en,https://climatehub.org/hubs/perth/organizations,Welcome to Climate Connect Perth & Kinross | ClimateHub Network,,Welcome to Climate Connect Perth & Kinross,,https://climateprodstorage.blob.core.windows.net/climate-connect/hubs/18/pnkbackground.jpg,website,,,,,
/hubs/perth/organizations,de,https://climatehub.org/de/hubs/perth/organizations,Welcome to Climate Connect Perth & Kinross | ClimateHub Netzwerk,,Welcome to Climate Connect Perth & Kinross,,https://climateprodstorage.blob.core.windows.net/climate-connect/hubs/18/pnkbackground.jpg,website,,,,,
